event_id,unit_id,timestamp,actor,activity,state_before,state_after,source_id,confidence,completion,rework
e001,A0001,2026-01-02T08:00:00Z,Applicant,Submit,NEW,SUBMITTED,S1,0.99,1,0
e002,A0001,2026-01-02T09:00:00Z,Intake,Register,SUBMITTED,REGISTERED,S2,0.98,1,0
e003,A0001,2026-01-02T10:30:00Z,Agency,Verify,REGISTERED,VERIFIED,S3,0.97,1,0
e004,A0001,2026-01-03T11:00:00Z,Applicant,ReturnForCorrection,VERIFIED,RETURNED,S4,0.96,1,1
e005,A0001,2026-01-04T09:00:00Z,Applicant,Correct,RETURNED,CORRECTED,S5,0.98,1,0
e006,A0001,2026-01-04T12:00:00Z,Agency,Verify,CORRECTED,VERIFIED,S6,0.97,1,0
e007,A0001,2026-01-05T10:00:00Z,Supervisor,Approve,VERIFIED,APPROVED,S7,0.99,1,0
e008,A0001,2026-01-05T12:00:00Z,Agency,Close,APPROVED,CLOSED,S8,0.99,1,0
e009,A0002,2026-01-06T08:10:00Z,Applicant,Submit,NEW,SUBMITTED,S9,0.99,1,0
e010,A0002,2026-01-06T09:00:00Z,Intake,Register,SUBMITTED,REGISTERED,S10,0.98,1,0
e011,A0002,2026-01-06T13:00:00Z,Agency,Verify,REGISTERED,VERIFIED,S11,0.96,1,0
e012,A0002,2026-01-07T15:00:00Z,Supervisor,Approve,VERIFIED,APPROVED,S12,0.99,1,0
e013,A0002,2026-01-08T09:00:00Z,Agency,Close,APPROVED,CLOSED,S13,0.99,1,0
